Date,Market Cap,Volume,Open,Close
2022-11-11,"
$336,597,208,100
","
$65,200,666,543
","
$17,594.92
","
N/A
"
2022-11-10,"
$301,963,847,694
","
$74,978,675,391
","
$15,742.44
","
$17,594.92
"
2022-11-09,"
$356,871,594,632
","
$92,144,963,385
","
$18,562.35
","
$15,742.44
"
2022-11-08,"
$395,168,506,455
","
$402,755,503,376
","
$20,598
","
$18,562.35
"
2022-11-07,"
$401,869,336,200
","
$303,484,290,671
","
$20,907
","
$20,598
"
2022-11-06,"
$408,892,506,459
","
$326,784,097,745
","
$21,283
","
$20,907
"
2022-11-05,"
$405,987,599,945
","
$429,308,200,555
","
$21,150
","
$21,283
"
2022-11-04,"
$387,756,249,892
","
$36,562,782,564
","
$20,211
","
$21,150
"
2022-11-03,"
$387,015,867,490
","
$44,539,856,162
","
$20,163
","
$20,211
"
2022-11-02,"
$393,218,202,888
","
$32,262,771,911
","
$20,490
","
$20,163
"
2022-11-01,"
$393,311,097,044
","
$37,290,619,695
","
$20,495
","
$20,490
"
2022-10-31,"
$395,548,335,410
","
$24,707,906,149
","
$20,624
","
$20,495
"
2022-10-30,"
$399,135,164,712
","
$32,806,216,911
","
$20,801
","
$20,624
"
2022-10-29,"
$395,201,306,735
","
$36,165,609,165
","
$20,591
","
$20,801
"
2022-10-28,"
$389,238,872,376
","
$41,829,789,298
","
$20,278
","
$20,591
"
2022-10-27,"
$398,674,628,647
","
$50,667,020,408
","
$20,774
","
$20,278
"
2022-10-26,"
$385,476,931,984
","
$39,846,253,139
","
$20,095
","
$20,774
"
2022-10-25,"
$370,622,833,881
","
$28,657,172,009
","
$19,316.94
","
$20,095
"
2022-10-24,"
$375,197,423,662
","
$19,928,822,961
","
$19,574.82
","
$19,316.94
"
2022-10-23,"
$368,484,939,424
","
$13,362,526,958
","
$19,203.87
","
$19,574.82
"
2022-10-22,"
$367,999,082,249
","
$30,297,335,038
","
$19,173.28
","
$19,203.87
"
2022-10-21,"
$365,098,952,755
","
$25,712,511,232
","
$19,031.16
","
$19,173.28
"
2022-10-20,"
$367,085,331,988
","
$23,047,051,893
","
$19,134.24
","
$19,031.16
"
2022-10-19,"
$371,196,833,239
","
$25,848,175,159
","
$19,348.03
","
$19,134.24
"
2022-10-18,"
$375,052,275,830
","
$23,713,928,578
","
$19,557.90
","
$19,348.03
"
2022-10-17,"
$369,552,982,161
","
$15,683,330,320
","
$19,272.92
","
$19,557.90
"
2022-10-16,"
$365,870,425,567
","
$13,103,099,352
","
$19,072.78
","
$19,272.92
"
2022-10-15,"
$367,584,653,731
","
$34,806,651,159
","
$19,198.11
","
$19,072.78
"
2022-10-14,"
$371,647,189,087
","
$37,194,496,438
","
$19,383.94
","
$19,198.11
"
2022-10-13,"
$367,301,644,901
","
$22,339,104,401
","
$19,153.04
","
$19,383.94
"
2022-10-12,"
$365,118,514,776
","
$25,102,717,821
","
$19,058.63
","
$19,153.04
"
2022-10-11,"
$367,207,056,773
","
$23,743,487,601
","
$19,142.69
","
$19,058.63
"
2022-10-10,"
$372,264,710,552
","
$14,404,623,229
","
$19,448.15
","
$19,142.69
"
2022-10-09,"
$372,391,945,609
","
 $12,996,183,216
","
$19,418.04
","
$19,448.15
"
2022-10-08,"
$373,170,861,484
","
$25,445,042,398
","
$19,457.31
","
$19,418.04
"
2022-10-07,"
$382,505,641,462
","
$31,354,758,329
","
$19,949.05
","
$19,457.31
"
2022-10-06,"
$386,368,899,196
","
$29,366,342,083
","
$20,162
","
$19,949.05
"
2022-10-05,"
$390,177,741,507
","
$30,974,520,028
","
$20,345
","
$20,162
"
2022-10-04,"
$375,767,908,259
","
$26,634,227,152
","
$19,620.57
","
$20,345
"
2022-10-03,"
$366,195,863,791
","
$17,859,684,588
","
$19,065.15
","
$19,620.57
"
2022-10-02,"
$370,204,708,063
","
$15,943,514,603
","
$19,314.46
","
$19,065.15
"
2022-10-01,"
$373,222,100,681
","
$37,848,666,331
","
$19,476.93
","
$19,314.46
"
2022-09-30,"
$374,830,625,220
","
$37,537,716,230
","
$19,563.77
","
$19,476.93
"
2022-09-29,"
$372,892,084,645
","
$47,494,258,190
","
$19,444.79
","
$19,563.77
"
2022-09-28,"
$366,383,164,264
","
$52,482,615,484
","
$19,116.33
","
$19,444.79
"
2022-09-27,"
$367,613,056,759
","
$42,560,193,944
","
$19,219.73
","
$19,116.33
"
2022-09-26,"
$360,256,894,978
","
$21,516,374,223
","
$18,809.41
","
$19,219.73
"
2022-09-25,"
$363,168,779,956
","
$24,644,354,422
","
$18,939.97
","
$18,809.41
"
2022-09-24,"
$370,913,140,448
","
$35,506,139,424
","
$19,291.90
","
$18,939.97
"
2022-09-23,"
$372,075,639,498
","
$37,660,914,390
","
$19,464.32
","
$19,291.90
"
2022-09-22,"
$355,194,467,886
","
$41,059,997,265
","
$18,539.64
","
$19,464.32
"
2022-09-21,"
$361,980,678,159
","
$33,890,591,850
","
$18,869.93
","
$18,539.64
"
2022-09-20,"
$374,524,246,937
","
$39,507,938,865
","
$19,570.39
","
$18,869.93
"
2022-09-19,"
$372,598,380,208
","
$28,689,764,414
","
$19,437.16
","
$19,570.39
"
2022-09-18,"
$385,486,747,327
","
$23,394,494,074
","
$20,132
","
$19,437.16
"
2022-09-17,"
$377,988,702,162
","
$30,187,737,710
","
$19,764.41
","
$20,132
"
2022-09-16,"
$377,719,382,182
","
$33,715,957,207
","
$19,702.17
","
$19,764.41
"
2022-09-15,"
$387,486,232,250
","
$35,789,015,870
","
$20,256
","
$19,702.17
"
2022-09-14,"
$386,529,657,259
","
$46,489,890,915
","
$20,185
","
$20,256
"
2022-09-13,"
$427,473,787,888
","
$44,006,486,689
","
$22,340
","
$20,185
"
2022-09-12,"
$416,073,628,622
","
$31,266,252,145
","
$21,740
","
N/A
"
2022-09-11,"
$415,974,687,298
","
$35,941,349,745
","
$21,707
","
$21,740
"
2022-09-10,"
$408,976,281,845
","
$42,487,059,055
","
$21,360
","
$21,707
"
2022-09-09,"
$369,723,445,425
","
$28,936,941,008
","
$19,322.78
","
$21,360
"
2022-09-08,"
$369,340,091,983
","
$30,517,907,004
","
$19,280.63
","
$19,322.78
"
2022-09-07,"
$361,210,437,264
 ","
$39,940,310,406
","
$18,859.50
","
$19,280.63
"
2022-09-06,"
$378,685,143,698
","
$23,522,961,655
","
$19,785.73
","
$18,859.50
"
2022-09-05,"
$382,421,043,401
","
$21,537,524,477
","
$19,980.01
","
$19,785.73
"
2022-09-04,"
$379,422,449,024
","
$20,048,153,187
","
$19,814.56
","
$19,980.01
"
2022-09-03,"
$381,788,074,512
","
$24,078,042,298
","
$19,941.45
","
$19,814.56
"
2022-09-02,"
$385,027,707,311
","
$25,616,737,336
","
$20,154
","
$19,941.45
"
2022-09-01,"
$383,348,414,529
","
$27,825,786,160
","
$20,024
","
$20,154
"
2022-08-31,"
$379,555,151,405
","
$30,308,993,725
","
$19,805.35
","
$20,024
"
2022-08-30,"
$389,119,405,471
","
$28,706,315,246
","
$20,309
","
$19,805.35
"
2022-08-29,"
$376,180,531,071
","
$19,781,826,309
","
 $19,659.25
","
$20,309
"
2022-08-28,"
$383,790,676,114
","
$24,463,219,415
","
$20,070
","
$19,659.25
"
2022-08-27,"
$387,215,087,167
","
$34,910,727,805
","
$20,271
","
$20,070
"
2022-08-26,"
$413,843,488,596
","
$26,767,966,536
","
$21,618
","
$20,271
"
2022-08-25,"
$409,503,007,623
","
$26,855,905,243
","
$21,395
","
$21,618
"
2022-08-24,"
$412,338,357,271
","
$29,331,102,122
","
$21,562
","
$21,395
"
2022-08-23,"
$408,409,110,510
","
$28,856,912,427
","
$21,388
","
$21,562
"
2022-08-22,"
$413,578,924,866
","
$20,476,237,108
","
$21,616
","
$21,388
"
2022-08-21,"
$404,924,875,534
","
$23,809,679,191
","
$21,175
","
$21,616
"
2022-08-20,"
$400,810,425,581
","
$35,142,410,593
","
$20,946
","
$21,175
"
2022-08-19,"
$444,845,955,425
","
$20,228,208,349
","
$23,248
","
$20,946
"
2022-08-18,"
$447,015,816,173
","
$29,567,403,252
","
$23,359
","
$23,248
"
2022-08-17,"
$456,791,042,838
","
$24,971,300,201
","
$23,913
","
$23,359
"
2022-08-16,"
$462,437,221,425
","
$33,404,812,508
","
$24,179
","
$23,913
"
2022-08-15,"
$464,896,345,363
","
$21,287,616,856
","
$24,313
","
$24,179
"
2022-08-14,"
$467,078,368,769
","
$22,240,559,960
","
$24,434
","
$24,313
"
2022-08-13,"
$466,765,701,335
","
$25,195,193,357
","
$24,411
","
$24,434
"
2022-08-12,"
$458,070,674,128
","
$33,892,871,244
","
$23,949
","
$24,411
"
2022-08-11,"
$457,270,455,537
","
$32,215,976,526
","
$23,949
","
$23,949
"
2022-08-10,"
$443,382,534,835
","
$29,738,069,338
 ","
$23,204
","
$23,949
"
2022-08-09,"
$455,450,642,522
","
$27,756,736,787
","
$23,824
","
$23,204
"
2022-08-08,"
$442,979,379,284
","
$14,324,042,469
","
$23,198
","
$23,824
"
2022-08-07,"
$439,414,782,173
","
$14,439,694,271
","
$22,985
","
$23,198
"
2022-08-06,"
$443,821,669,890
","
$27,040,190,910
","
$23,225
","
$22,985
"
2022-08-05,"
$432,420,621,056
","
$23,624,874,220
","
$22,678
","
$23,225
"
2022-08-04,"
$437,035,641,450
","
$41,334,593,234
","
$22,860
","
$22,678
"
2022-08-03,"
$440,954,684,721
","
$35,151,096,517
","
$23,054
","
$22,860
"
2022-08-02,"
$445,958,949,620
","
$44,489,771,147
","
$23,334
","
$23,054
"
2022-08-01,"
$447,051,019,373
","
$31,786,729,326
","
$23,380
","
$23,334
"
2022-07-31,"
$451,726,702,392
","
$62,102,072,347
","
$23,653
","
$23,380
"
2022-07-30,"
$459,609,388,580
","
$41,089,335,196
","
$23,848
","
$23,653
"
2022-07-29,"
$454,806,622,615
","
$55,609,627,981
","
$23,822
","
$23,848
"
2022-07-28,"
$437,193,517,022
","
$54,498,281,944
","
$22,909
","
$23,822
"
2022-07-27,"
$405,692,421,502
","
$53,995,620,035
","
$21,236
","
$22,909
"
2022-07-26,"
$407,480,099,600
","
$42,667,548,129
","
$21,330
","
$21,236
"
2022-07-25,"
$433,819,662,322
","
$33,108,916,659
","
$22,614
","
$21,330
"
2022-07-24,"
$429,803,379,588
","
$42,519,262,113
","
$22,506
","
$22,614
"
2022-07-23,"
$433,485,926,857
","
$40,304,373,301
","
$22,697
","
$22,506
"
2022-07-22,"
$442,379,611,364
","
$63,224,249,258
","
$23,155
","
$22,697
"
2022-07-21,"
$446,130,012,150
","
$40,775,718,994
","
$23,313
","
$23,155
"
2022-07-20,"
$445,889,013,251
","
$57,338,223,362
","
$23,367
","
$23,313
"
2022-07-19,"
$425,756,736,661
","
$58,636,734,705
","
$22,395
","
$23,367
"
2022-07-18,"
$397,660,610,561
","
$29,615,794,461
","
$20,824
","
$22,395
"
2022-07-17,"
$404,705,642,581
","
$42,051,101,695
","
$21,193
","
$20,824
"
2022-07-16,"
$397,285,233,066
","
$46,542,248,374
","
$20,795
","
$21,193
"
2022-07-15,"
$393,104,346,703
","
$28,732,413,537
","
$20,575
","
$20,795
"
2022-07-14,"
$385,462,566,549
","
$28,560,004,361
","
$20,225
","
N/A
"
2022-07-13,"
$370,191,767,291
","
$22,074,971,578
","
$19,350.74
","
$20,225
"
2022-07-12,"
$382,000,290,322
","
$21,319,467,249
","
$19,998.47
","
$19,350.74
"
2022-07-11,"
$398,249,545,889
","
$25,037,950,754
","
$20,860
","
$19,998.47
"
2022-07-10,"
$412,459,838,738
","
$26,211,587,452
","
$21,590
","
$20,860
"
2022-07-09,"
$417,690,286,505
","
$46,645,398,901
","
$21,859
","
$21,590
"
2022-07-08,"
$414,055,638,574
","
$21,927,087,503
","
$21,661
","
$21,859
"
2022-07-07,"
$392,479,833,071
","
$21,755,499,642
","
$20,567
","
$21,661
"
2022-07-06,"
$385,301,783,066
","
$23,623,270,106
","
$20,189
","
$20,567
"
2022-07-05,"
$386,425,176,263
","
$18,634,860,046
","
$20,257
","
$20,189
"
2022-07-04,"
$368,549,364,135
","
 $13,976,969,844
","
$19,310.23
","
$20,257
"
2022-07-03,"
$367,706,689,138
","
$15,601,715,001
","
$19,268.23
","
$19,310.23
"
2022-07-02,"
$370,916,529,919
","
$28,756,781,115
","
$19,407.45
","
$19,268.23
"
2022-07-01,"
$365,984,224,323
","
$22,816,515,395
","
$19,608.40
","
$19,407.45
"
2022-06-30,"
$384,067,866,466
","
$20,744,333,507
","
$20,109
","
$19,608.40
"
2022-06-29,"
$386,606,940,573
","
$18,161,209,601
","
$20,283
","
$20,109
"
2022-06-28,"
$395,914,576,106
","
$17,719,011,288
","
$20,751
","
$20,283
"
2022-06-27,"
$401,645,800,330
","
$15,392,697,878
","
$21,053
","
$20,751
"
2022-06-26,"
$410,110,791,491
","
$16,152,442,749
","
$21,526
","
$21,053
"
2022-06-25,"
$407,086,114,490
","
$21,955,656,696
","
$21,263
","
 $21,526
"
2022-06-24,"
$402,495,826,231
","
$23,655,104,387
","
$21,100
","
$21,263
"
2022-06-23,"
$381,616,262,301
","
$24,955,466,738
","
$19,983.57
","
$21,100
"
2022-06-22,"
$395,059,669,321
","
$25,340,643,363
","
$20,701
","
$19,983.57
"
2022-06-21,"
$392,793,374,516
","
$28,346,447,997
","
$20,637
","
$20,701
"
2022-06-20,"
$390,555,374,757
","
$32,488,136,326
","
$20,516
","
$20,637
"
2022-06-19,"
$362,303,884,192
","
$38,920,632,524
","
$19,047.42
","
$20,516
"
2022-06-18,"
$391,441,740,414
","
$24,232,922,585
","
$20,473
","
$19,047.42
"
2022-06-17,"
$389,181,727,346
","
$27,449,277,946
","
$20,409
","
$20,473
"
2022-06-16,"
$429,887,916,885
","
$52,027,211,447
","
$22,529
","
$20,409
"
2022-06-15,"
 $423,044,474,597
","
$47,639,470,968
","
$22,245
","
$22,529
"
2022-06-14,"
$429,492,202,561
","
$64,852,526,179
","
$22,526
","
$22,245
"
2022-06-13,"
$514,202,090,511
","
$29,834,061,116
","
$26,767
","
$22,526
"
2022-06-12,"
$540,789,214,974
","
$22,518,366,770
","
$28,374
","
$26,767
"
2022-06-11,"
$554,622,874,799
","
$25,663,085,729
","
$29,101
","
$28,374
"
2022-06-10,"
$573,819,802,895
","
$18,871,591,862
","
$30,101
","
$29,101
"
2022-06-09,"
$576,238,781,341
","
$27,080,284,929
","
$30,229
","
$30,101
"
2022-06-08,"
$597,205,650,753
","
$36,111,325,508
","
$31,265
","
$30,229
"
2022-06-07,"
$597,966,736,177
","
$27,644,798,123
","
$31,373
","
$31,265
"
2022-06-06,"
$570,209,935,092
","
$13,395,229,055
","
$29,918
 ","
$31,373
"
2022-06-05,"
$568,340,135,127
","
$12,911,383,482
","
$29,872
","
$29,918
"
2022-06-04,"
$566,275,595,800
","
$21,997,859,591
","
$29,714
","
$29,872
"
2022-06-03,"
$580,863,150,152
","
$24,232,399,986
","
$30,481
","
$29,714
"
2022-06-02,"
$569,001,624,438
","
$35,553,330,792
","
$29,833
","
$30,481
"
2022-06-01,"
$607,393,396,319
","
$29,770,567,353
","
$31,866
","
$29,833
"
2022-05-31,"
$604,926,607,441
","
$34,891,305,295
","
$31,741
","
$31,866
"
2022-05-30,"
$561,771,345,709
","
$14,496,111,398
","
$29,493
","
$31,741
"
2022-05-29,"
$554,938,694,217
","
$15,406,515,373
","
$29,088
","
$29,493
"
2022-05-28,"
$545,752,899,522
","
$31,756,305,901
","
$28,647
","
$29,088
"
2022-05-27,"
$559,066,076,344
","
$31,972,044,692
","
$29,347
","
$28,647
"
2022-05-26,"
$563,577,022,958
","
$23,108,764,916
","
$29,585
","
$29,347
"
2022-05-25,"
$564,885,248,022
","
$23,486,436,837
","
$29,655
","
$29,585
"
2022-05-24,"
$555,459,414,424
","
$26,646,754,325
","
$29,163
","
$29,655
"
2022-05-23,"
$578,090,387,085
","
$17,199,930,155
","
$30,351
","
$29,163
"
2022-05-22,"
$561,696,351,559
","
$13,561,006,428
","
$29,492
","
$30,351
"
2022-05-21,"
$557,201,657,281
","
$25,980,877,920
","
$29,257
","
$29,492
"
2022-05-20,"
$578,678,245,848
","
$29,190,056,577
","
$30,382
","
$29,257
"
2022-05-19,"
$547,927,169,401
","
$26,219,431,165
","
$28,772
","
$30,382
"
2022-05-18,"
$581,272,773,176
","
$24,964,703,224
","
$30,502
","
$28,772
"
2022-05-17,"
$569,801,943,005
","
$28,418,179,221
","
$29,924
","
$30,502
"
2022-05-16,"
$596,346,266,889
","
$22,948,123,704
","
$31,319
","
$29,924
"
2022-05-15,"
$573,777,699,744
","
$25,759,546,764
","
$30,189
","
N/A
"
2022-05-14,"
$558,053,182,541
","
$71,541,696,924
","
$29,311
","
$30,189
"
2022-05-13,"
$555,266,177,877
","
$61,338,080,284
","
$29,126
","
$29,311
"
2022-05-12,"
$549,294,001,873
","
$65,985,702,702
","
$28,913
","
$29,126
"
2022-05-11,"
$590,644,412,747
","
$54,071,363,210
","
$31,027
","
$28,913
"
2022-05-10,"
$576,197,842,488
","
$58,369,928,594
","
$30,270
","
$31,027
"
2022-05-09,"
$648,514,321,642
","
$30,810,576,502
","
$34,070
","
$30,270
"
2022-05-08,"
$678,702,448,511
","
$19,130,720,395
","
$35,573
","
$34,070
"
2022-05-07,"
$687,093,350,325
","
$32,223,287,014
","
$36,116
","
$35,573
"
2022-05-06,"
$696,020,943,882
","
$37,402,043,366
","
$36,612
","
$36,116
"
2022-05-05,"
$755,764,276,889
","
$31,748,901,527
","
$39,699
","
$36,612
"
2022-05-04,"
$718,542,028,696
","
$23,070,122,642
","
$37,758
","
$39,699
"
2022-05-03,"
$733,787,526,678
","
$29,825,308,569
","
$38,562
","
$37,758
"
2022-05-02,"
$733,294,957,353
","
$24,857,664,487
","
$38,538
","
$38,562
"
2022-05-01,"
$719,611,115,951
","
$20,955,789,685
","
$37,821
","
$38,538
"
2022-04-30,"
$735,829,877,666
","
$27,758,348,826
","
$38,651
","
$37,821
"
2022-04-29,"
$756,090,806,421
","
$31,484,572,271
","
$39,742
","
$38,651
"
2022-04-28,"
$746,473,028,158
","
$28,170,490,246
","
$39,238
","
$39,742
"
2022-04-27,"
$725,434,540,422
","
$31,053,018,153
","
$38,134
","
$39,238
"
2022-04-26,"
$770,112,436,973
","
$32,883,645,914
","
$40,489
","
$38,134
"
2022-04-25,"
$752,446,283,900
","
$16,778,683,768
","
$39,469
","
$40,489
"
2022-04-24,"
$752,414,150,959
","
$15,010,797,472
","
$39,562
","
$39,469
"
2022-04-23,"
$756,144,456,298
","
$46,022,063,019
","
$39,757
","
$39,562
"
2022-04-22,"
$770,787,243,370
","
$32,131,220,616
","
$40,529
","
$39,757
"
2022-04-21,"
$787,437,397,454
","
$24,937,668,255
","
$41,397
","
$40,529
"
2022-04-20,"
$789,141,783,336
","
$22,717,772,925
","
$41,498
","
$41,397
"
2022-04-19,"
$776,463,403,746
","
$30,617,039,400
","
$40,834
","
$41,498
"
2022-04-18,"
$755,627,152,747
","
$16,627,779,442
","
$39,739
","
$40,834
"
2022-04-17,"
$770,439,827,829
","
$15,777,789,210
","
$40,450
","
$39,739
"
2022-04-16,"
$771,666,602,548
","
$22,053,774,554
","
$40,587
","
$40,450
"
2022-04-15,"
$759,703,443,635
","
$22,744,792,147
","
$39,959
","
$40,587
"
2022-04-14,"
$783,560,801,482
","
$25,453,869,986
","
$41,205
","
$39,959
"
2022-04-13,"
$764,314,681,923
","
$27,804,694,935
","
$40,206
","
$41,205
"
2022-04-12,"
$752,680,814,425
","
$30,168,665,078
","
$39,604
","
$40,206
"
2022-04-11,"
$803,574,629,065
","
$14,936,318,819
","
$42,275
","
$39,604
"
2022-04-10,"
$812,734,148,493
","
$13,949,535,312
","
$42,796
","
$42,275
"
2022-04-09,"
$804,272,478,981
","
$24,202,906,401
","
$42,316
","
$42,796
"
2022-04-08,"
$827,032,889,945
","
$22,960,138,784
","
$43,515
","
$42,316
"
2022-04-07,"
$820,983,263,462
","
$34,113,818,642
","
$43,199
","
$43,515
"
2022-04-06,"
$867,247,321,783
","
$25,474,063,862
","
$45,635
","
$43,199
"
2022-04-05,"
$885,584,977,681
","
$28,019,309,651
","
$46,623
","
$45,635
"
2022-04-04,"
$882,346,640,419
","
$21,510,196,790
","
$46,435
","
$46,623
"
2022-04-03,"
$871,050,305,859
","
$24,803,837,260
","
$45,842
","
$46,435
"
2022-04-02,"
$879,144,224,206
","
$32,948,605,532
","
$46,270
","
$45,842
"
2022-04-01,"
$865,010,142,445
","
$27,736,469,646
","
$45,528
","
$46,270
"
2022-03-31,"
$895,356,010,541
","
$24,497,248,306
","
$47,063
","
$45,528
"
2022-03-30,"
$901,430,001,889
","
$26,128,040,681
","
$47,459
","
$47,063
"
2022-03-29,"
$892,747,620,148
","
$30,051,327,357
","
$46,995
","
$47,459
"
2022-03-28,"
$887,283,025,181
","
$22,545,392,530
","
$46,715
","
$46,995
"
2022-03-27,"
$845,235,093,873
","
$13,676,534,294
","
$44,511
","
$46,715
"
2022-03-26,"
$842,031,938,722
","
$26,147,756,108
","
$44,332
","
$44,511
"
2022-03-25,"
$834,251,096,725
","
$26,212,783,704
","
$43,936
","
$44,332
"
2022-03-24,"
$810,894,331,278
","
$21,851,891,599
","
$42,802
","
$43,936
"
2022-03-23,"
$803,937,099,701
","
$28,688,623,151
","
$42,402
","
$42,802
"
2022-03-22,"
$779,205,413,379
","
$21,335,882,483
","
$41,062
","
$42,402
"
2022-03-21,"
$784,054,464,872
","
$16,856,192,302
","
$41,283
","
$41,062
"
2022-03-20,"
$800,887,993,391
","
$16,580,741,572
","
$42,202
","
$41,283
"
2022-03-19,"
$794,378,970,588
","
$30,316,128,166
","
 $41,837
","
$42,202
"
2022-03-18,"
$778,474,325,710
","
$18,861,644,943
","
$41,002
","
$41,837
"
2022-03-17,"
$779,761,001,844
","
$34,974,203,469
","
$41,166
","
$41,002
"
2022-03-16,"
$747,642,430,664
","
$20,768,829,818
","
$39,332
","
N/A
"
2022-03-15,"
$751,354,026,219
","
$21,250,969,229
","
$39,669
","
$39,332
"
2022-03-14,"
$718,551,088,031
","
$14,461,647,576
","
$37,853
","
$39,669
"
2022-03-13,"
$738,456,528,058
","
$12,440,826,654
","
$38,904
","
$37,853
"
2022-03-12,"
$738,267,961,693
","
$23,624,165,275
","
$38,775
","
$38,904
"
2022-03-11,"
$749,384,110,700
","
$27,653,455,219
","
$39,468
","
$38,775
"
2022-03-10,"
$796,849,504,897
","
$29,211,702,119
","
$41,986
","
$39,468
"
2022-03-09,"
$735,453,953,726
","
$22,556,397,749
","
$38,733
","
$41,986
"
2022-03-08,"
$723,198,804,468
","
$24,596,395,439
","
$38,076
","
$38,733
"
2022-03-07,"
$729,501,899,968
","
$16,995,562,041
","
$38,443
","
$38,076
"
2022-03-06,"
$748,197,160,856
","
$14,818,212,145
","
$39,463
","
$38,443
"
2022-03-05,"
$743,810,477,766
","
$25,121,267,306
","
$39,200
","
$39,463
"
2022-03-04,"
$807,454,920,682
","
$22,366,184,129
","
$42,492
","
$39,200
"
2022-03-03,"
$834,437,956,672
","
$25,615,956,856
","
$43,981
","
$42,492
"
2022-03-02,"
$841,254,375,272
","
$27,880,763,034
","
$44,460
","
$43,981
"
2022-03-01,"
$819,019,441,072
","
$30,634,280,855
","
$43,225
","
$44,460
"
2022-02-28,"
$717,619,764,688
","
$19,424,397,946
","
$37,804
","
$43,225
"
2022-02-27,"
$741,083,625,918
","
$14,568,201,295
","
$39,090
","
$37,804
"
2022-02-26,"
$745,763,194,704
","
$22,579,249,142
","
$39,316
","
$39,090
"
2022-02-25,"
$727,657,714,638
","
$40,839,699,481
","
$38,363
","
$39,316
"
2022-02-24,"
$708,829,287,814
","
$18,507,851,468
","
$37,372
","
$38,363
"
2022-02-23,"
$727,094,284,068
","
$22,212,181,617
","
$38,337
","
$37,372
"
2022-02-22,"
$703,004,241,590
","
$25,174,914,104
","
$37,060
","
$38,337
"
2022-02-21,"
$730,381,814,665
","
$15,998,424,231
","
$38,514
","
$37,060
"
2022-02-20,"
$761,447,243,940
","
$11,735,183,838
","
$40,193
","
$38,514
"
2022-02-19,"
$759,881,874,201
","
$20,130,002,755
","
$40,073
","
$40,193
"
2022-02-18,"
$770,096,677,779
","
$22,270,664,615
","
$40,563
","
$40,073
"
2022-02-17,"
$836,256,083,784
","
$16,847,003,857
","
$44,063
","
$40,563
"
2022-02-16,"
$848,321,283,144
","
$19,801,081,789
","
$44,574
","
$44,063
"
2022-02-15,"
$808,280,617,642
","
$18,090,873,763
","
$42,635
","
$44,574
"
2022-02-14,"
$802,059,713,029
","
$12,146,423,251
","
$42,248
","
$42,635
"
2022-02-13,"
$799,547,462,143
","
$15,479,727,289
","
$42,255
","
$42,248
"
2022-02-12,"
$803,706,779,792
","
$23,279,080,010
","
$42,445
","
$42,255
"
2022-02-11,"
$826,942,197,610
","
$27,877,618,434
","
$43,628
","
$42,445
"
2022-02-10,"
$841,339,973,339
","
$19,780,565,063
","
$44,384
","
$43,628
"
2022-02-09,"
$837,406,846,076
","
$29,024,977,265
","
$44,184
","
$44,384
"
2022-02-08,"
$833,392,518,215
","
$24,171,856,714
","
$43,911
","
$44,184
"
2022-02-07,"
$804,942,041,477
","
$13,206,494,655
","
$42,476
","
$43,911
"
2022-02-06,"
$786,295,053,042
","
$16,752,051,696
","
$41,494
","
$42,476
"
2022-02-05,"
$777,355,085,536
","
$25,347,215,344
","
$41,674
","
$41,494
"
2022-02-04,"
$703,003,347,952
","
$16,136,299,995
","
$37,101
","
$41,674
"
2022-02-03,"
$700,645,616,424
","
$16,709,908,527
","
$37,001
","
$37,101
"
2022-02-02,"
$736,102,274,237
","
$17,109,120,250
","
$38,836
","
$37,001
"
2022-02-01,"
$727,905,398,096
","
$17,731,563,487
","
$38,556
","
$38,836
"
2022-01-31,"
$719,570,142,322
","
$11,807,185,114
","
$37,983
","
$38,556
"
2022-01-30,"
$722,829,009,646
","
$14,178,650,232
","
$38,232
","
$37,983
"
2022-01-29,"
$717,026,944,843
","
$19,214,103,304
","
$37,853
","
$38,232
"
2022-01-28,"
$702,311,456,033
","
$22,057,410,457
","
$37,277
","
$37,853
"
2022-01-27,"
$700,165,819,656
","
$26,756,873,750
","
$36,870
","
$37,277
"
2022-01-26,"
$700,571,452,649
","
$46,168,918,585
","
$36,989
","
$36,870
"
2022-01-25,"
$696,465,421,899
","
$36,385,158,449
","
$36,774
","
$36,989
"
2022-01-24,"
$687,575,973,800
","
$22,865,032,969
","
$36,306
","
$36,774
"
2022-01-23,"
$666,220,701,468
","
$35,517,336,417
","
$35,180
","
$36,306
"
2022-01-22,"
$692,855,029,163
","
$38,296,960,033
","
$36,509
","
$35,180
"
2022-01-21,"
$774,235,809,673
","
$20,930,163,211
","
$40,708
","
$36,509
"
2022-01-20,"
$790,507,925,309
","
$19,626,113,310
","
$41,750
","
$40,708
"
2022-01-19,"
$803,962,100,418
","
$18,897,950,050
","
$42,395
","
$41,750
"
2022-01-18,"
$800,822,650,384
","
$17,694,929,626
","
$42,298
","
$42,395
"
2022-01-17,"
$816,325,578,941
","
$14,452,346,389
","
$43,120
","
$42,298
"
2022-01-16,"
$816,800,318,527
","
$14,651,008,625
","
$43,227
","
$43,120
"
2022-01-15,"
$816,129,314,317
","
$20,238,314,435
","
$43,121
","
N/A
"
2022-01-14,"
$806,510,860,232
","
$43,905,745,871
","
$42,608
","
$43,121
"
2022-01-13,"
$832,460,077,955
","
$28,250,302,540
","
$43,982
","
$42,608
"
2022-01-12,"
$809,621,515,508
","
$22,813,557,398
","
$42,777
","
$43,982
"
2022-01-11,"
$792,407,724,468
","
$27,984,634,062
","
$41,870
","
$42,777
"
2022-01-10,"
$791,648,558,215
","
$18,016,718,174
","
$41,862
","
$41,870
"
2022-01-09,"
$792,892,599,976
","
$23,337,017,233
","
$41,757
","
$41,862
"
2022-01-08,"
$787,735,561,341
","
$79,685,254,648
","
$41,527
","
$41,757
"
2022-01-07,"
$819,522,879,407
","
$26,366,602,397
","
$43,216
","
$41,527
"
2022-01-06,"
$827,723,202,715
","
$31,837,641,246
","
$43,647
","
$43,216
"
2022-01-05,"
$876,242,689,666
","
$24,895,990,584
","
$45,938
","
$43,647
"
2022-01-04,"
$880,330,191,985
","
$21,890,019,532
","
$46,531
","
$45,938
"
2022-01-03,"
$897,536,090,321
","
$33,756,128,242
","
$47,387
","
$46,531
"
2022-01-02,"
$904,551,946,917
","
$18,904,585,811
","
$47,816
","
$47,387
"
2022-01-01,"
$876,192,941,903
","
$25,895,349,605
","
$46,320
","
$47,816
"
2021-12-31,"
$892,648,631,306
","
$23,753,871,435
","
$47,192
","
$46,320
"
2021-12-30,"
$874,314,106,560
","
$26,348,739,119
","
$46,507
","
$47,192
"
2021-12-29,"
$902,655,839,568
","
$29,538,983,233
","
$47,725
","
$46,507
"
2021-12-28,"
$960,280,703,700
","
$22,793,878,137
","
$50,774
","
$47,725
"
2021-12-27,"
$961,723,851,972
","
$19,632,044,502
","
$50,853
","
$50,774
"
2021-12-26,"
$958,099,737,763
","
$17,235,296,606
","
$50,663
","
$50,853
"
2021-12-25,"
$962,312,381,228
","
$22,535,489,970
","
$50,889
","
$50,663
"
2021-12-24,"
$960,809,259,355
","
$26,419,703,745
","
$50,901
","
$50,889
"
2021-12-23,"
$921,888,029,985
","
$21,887,790,446
","
$48,756
","
$50,901
"
2021-12-22,"
$929,203,956,014
","
 $25,764,127,608
","
$49,145
","
$48,756
"
2021-12-21,"
$890,808,857,615
","
$29,356,191,956
","
$47,117
","
$49,145
"
2021-12-20,"
$884,905,649,264
","
$23,002,876,886
","
$46,807
","
$47,117
"
2021-12-19,"
$887,944,269,264
","
$23,305,069,270
","
$46,970
","
$46,807
"
2021-12-18,"
$875,783,175,210
","
$30,617,760,444
","
$46,329
","
$46,970
"
2021-12-17,"
$901,558,072,619
","
$24,699,414,444
","
$47,695
","
$46,329
"
2021-12-16,"
$925,006,387,197
","
$33,782,603,071
","
$48,937
","
$47,695
"
2021-12-15,"
$915,015,634,617
","
$30,152,105,690
","
$48,411
","
$48,937
"
2021-12-14,"
$882,570,058,437
","
$29,628,245,402
","
$46,696
","
$48,411
"
2021-12-13,"
$945,932,497,231
","
$19,871,029,748
","
$50,051
","
$46,696
 "
2021-12-12,"
$930,603,779,264
","
$24,619,129,767
","
$49,242
","
$50,051
"
2021-12-11,"
$893,919,955,030
","
$29,611,257,205
","
$47,304
","
$49,242
"
2021-12-10,"
$904,878,061,657
","
$27,269,362,515
","
$47,886
","
$47,304
"
2021-12-09,"
$954,800,139,986
","
$26,590,164,539
","
$50,530
","
$47,886
"
2021-12-08,"
$956,961,313,926
","
$30,083,305,920
","
$50,648
","
$50,530
"
2021-12-07,"
$953,396,710,270
","
$36,126,018,722
","
$50,462
","
$50,648
"
2021-12-06,"
$932,015,145,132
","
$32,826,574,574
","
$49,268
","
$50,462
"
2021-12-05,"
$930,097,457,942
","
$55,941,408,415
","
$49,162
","
$49,268
"
2021-12-04,"
$1,016,040,747,070
","
$39,527,112,726
","
$53,786
","
$49,162
"
2021-12-03,"
$1,067,406,204,923
 ","
$36,296,342,257
","
$56,508
","
$53,786
"
2021-12-02,"
$1,079,838,995,017
","
$49,383,073,891
","
$57,169
","
$56,508
"
2021-12-01,"
$1,076,804,436,724
","
$35,723,038,604
","
$57,011
","
$57,169
"
2021-11-30,"
$1,092,574,224,476
","
$30,985,196,647
","
$57,849
","
$57,011
"
2021-11-29,"
$1,080,980,050,981
","
$27,659,464,987
","
$57,238
","
$57,849
"
2021-11-28,"
$1,030,781,591,913
","
$28,256,851,068
","
$54,533
","
$57,238
"
2021-11-27,"
$1,016,487,054,820
","
$41,325,811,946
","
$53,828
","
$54,533
"
2021-11-26,"
$1,112,182,356,757
","
$33,721,097,081
","
$58,898
","
$53,828
"
2021-11-25,"
$1,080,039,673,037
","
$31,695,369,988
","
$57,198
","
$58,898
"
2021-11-24,"
$1,090,380,950,871
","
$36,421,192,857
","
$57,749
 ","
$57,198
"
2021-11-23,"
$1,064,619,437,494
","
$34,001,467,919
","
$56,387
","
$57,749
"
2021-11-22,"
$1,120,610,791,476
","
$25,743,426,947
","
$59,140
","
$56,387
"
2021-11-21,"
$1,134,300,362,589
","
$29,676,550,712
","
$60,083
","
$59,140
"
2021-11-20,"
$1,103,594,176,399
","
$37,851,259,606
","
$58,459
","
$60,083
"
2021-11-19,"
$1,075,758,915,731
","
$41,828,523,862
","
$56,987
","
$58,459
"
2021-11-18,"
$1,138,136,620,641
","
$39,200,729,529
","
$60,604
","
$56,987
"
2021-11-17,"
$1,141,910,823,556
","
$48,978,396,011
","
$60,449
","
$60,604
"
2021-11-16,"
$1,206,711,952,538
","
$32,107,212,452
","
$63,934
","
N/A
"
2021-11-15,"
$1,239,021,452,561
","
$26,088,449,437
","
$65,649
","
$63,934
"
2021-11-14,"
$1,220,299,721,851
","
$29,677,693,457
","
$64,660
","
$65,649
"
2021-11-13,"
$1,215,930,166,023
","
$36,872,626,218
","
$64,432
","
$64,660
"
2021-11-12,"
$1,228,606,858,157
","
$35,457,583,783
","
$65,006
","
$64,432
"
2021-11-11,"
$1,221,681,091,091
","
$48,648,563,669
","
$65,061
","
$65,006
"
2021-11-10,"
$1,268,116,896,159
","
$41,207,912,438
","
$67,145
","
$65,061
"
2021-11-09,"
$1,278,797,895,528
","
$105,426,313,891
","
$67,617
","
$67,145
"
2021-11-08,"
$1,191,631,271,448
","
$24,877,902,990
","
$63,153
","
$67,617
"
2021-11-07,"
$1,162,489,871,875
","
$31,423,601,393
","
$61,661
","
$63,153
"
2021-11-06,"
$1,154,530,569,293
","
$31,182,137,448
","
$61,247
","
$61,661
"
2021-11-05,"
$1,157,101,738,113
","
$33,152,275,947
","
$61,602
","
$61,247
"
2021-11-04,"
$1,187,048,124,214
","
$36,561,444,797
","
$63,131
","
$61,602
"
2021-11-03,"
$1,186,951,581,189
","
$37,335,066,460
","
$63,247
","
$63,131
"
2021-11-02,"
$1,152,831,210,804
","
$35,834,742,028
","
$61,122
","
$63,247
"
2021-11-01,"
$1,159,841,954,948
","
$32,494,948,461
","
$61,472
","
$61,122
"
2021-10-31,"
$1,166,423,768,410
","
$31,810,216,330
","
$61,837
","
$61,472
"
2021-10-30,"
$1,178,047,465,292
","
$38,648,967,245
","
$62,283
","
$61,837
"
2021-10-29,"
$1,145,912,030,969
","
$52,318,597,557
","
$60,768
","
$62,283
"
2021-10-28,"
$1,105,754,837,661
","
$43,976,252,157
","
$58,641
","
 $60,768
"
2021-10-27,"
$1,143,497,865,065
","
$33,233,702,858
","
$60,604
","
$58,641
"
2021-10-26,"
$1,192,131,994,833
","
$30,852,852,368
","
$63,228
","
$60,604
"
2021-10-25,"
$1,153,315,262,663
","
$29,982,535,557
","
$61,173
","
$63,228
"
2021-10-24,"
$1,161,166,467,847
","
$28,505,039,148
","
$61,572
","
$61,173
"
2021-10-23,"
$1,151,508,584,005
","
$40,766,460,605
","
$61,029
","
$61,572
"
2021-10-22,"
$1,178,926,819,141
","
$48,709,960,686
","
$62,541
","
$61,029
"
2021-10-21,"
$1,250,376,460,616
","
$40,790,757,382
","
$66,238
","
$62,541
"
2021-10-20,"
$1,217,582,580,303
","
$42,550,624,869
","
$64,518
","
$66,238
"
2021-10-19,"
$1,173,944,883,530
","
$39,610,183,787
","
$62,018
","
$64,518
"
2021-10-18,"
$1,160,650,121,142
","
$29,625,957,542
","
$61,584
","
$62,018
"
2021-10-17,"
$1,153,847,028,825
","
$35,385,452,269
","
$61,166
","
$61,584
"
2021-10-16,"
$1,164,782,155,730
","
$53,653,355,008
","
$61,809
","
$61,166
"
2021-10-15,"
$1,082,900,149,763
","
$35,994,603,913
","
$57,452
","
$61,809
"
2021-10-14,"
$1,083,366,079,899
","
$41,216,945,749
","
$57,488
","
$57,452
"
2021-10-13,"
$1,061,829,863,954
","
$40,021,384,611
","
$56,335
","
$57,488
"
2021-10-12,"
$1,084,736,227,838
","
$41,913,482,915
","
$57,573
","
$56,335
"
2021-10-11,"
$1,030,788,036,762
","
$38,579,271,671
","
$54,712
","
$57,573
"
2021-10-10,"
$1,038,524,699,061
","
$31,927,344,846
","
$55,125
","
$54,712
"
2021-10-09,"
$1,016,650,501,581
","
$33,935,485,257
","
$54,011
","
$55,125
"
2021-10-08,"
$1,015,246,512,239
","
$36,549,815,857
","
$53,895
","
$54,011
"
2021-10-07,"
$1,044,675,252,844
","
$48,462,388,016
","
$55,415
","
$53,895
"
2021-10-06,"
$973,040,988,103
","
$35,480,330,025
","
$51,669
","
$55,415
"
2021-10-05,"
$927,812,140,868
","
$32,691,763,060
","
$49,260
","
$51,669
"
2021-10-04,"
$910,331,395,887
","
$26,034,594,562
","
$48,283
","
$49,260
"
2021-10-03,"
$900,582,483,713
","
$29,742,127,388
","
$47,778
","
$48,283
"
2021-10-02,"
$906,929,641,889
","
$42,089,383,190
","
$48,182
","
$47,778
"
2021-10-01,"
$827,840,965,060
","
$30,859,918,335
","
$43,859
","
$48,182
"
2021-09-30,"
$782,626,384,092
","
$30,068,690,312
","
$41,588
","
$43,859
"
2021-09-29,"
$775,534,111,089
","
$29,691,944,223
","
$41,010
","
$41,588
"
2021-09-28,"
$794,889,951,096
","
$30,483,144,439
","
$42,247
","
$41,010
"
2021-09-27,"
$825,341,135,636
","
$30,462,815,705
","
$43,337
","
$42,247
"
2021-09-26,"
$808,279,417,023
","
$30,898,116,660
","
$42,857
","
$43,337
"
2021-09-25,"
$809,772,498,813
","
$42,973,070,343
","
$42,752
","
$42,857
"
2021-09-24,"
$846,615,719,474
","
$33,594,750,550
","
$44,981
","
$42,752
"
2021-09-23,"
$820,460,824,051
","
$36,624,234,960
","
$43,587
","
$44,981
"
2021-09-22,"
$760,802,031,651
","
$45,940,419,565
","
$40,387
","
$43,587
"
2021-09-21,"
$805,826,302,811
","
$41,220,025,454
","
$42,933
","
$40,387
"
2021-09-20,"
$891,560,241,243
","
$26,163,167,369
","
$47,371
","
$42,933
"
2021-09-19,"
$907,957,032,341
","
$27,630,476,158
","
$48,267
","
$47,371
"
2021-09-18,"
$892,585,184,978
","
$27,731,209,179
","
$47,229
","
$48,267
"
2021-09-17,"
$900,990,520,812
","
$31,578,783,375
","
$47,879
","
N/A
"
2021-09-16,"
$906,727,769,791
","
$30,037,816,650
","
$48,187
","
$47,879
"
2021-09-15,"
$886,524,004,597
","
$38,645,575,966
","
$47,135
","
$48,187
"
2021-09-14,"
$848,992,511,474
","
$40,683,028,028
","
$45,140
","
$47,135
"
2021-09-13,"
$869,122,611,514
","
$27,585,855,039
","
$46,195
","
$45,140
"
2021-09-12,"
$849,828,231,596
","
$34,160,277,726
","
$45,196
","
$46,195
"
2021-09-11,"
$842,222,636,395
","
$38,051,987,740
","
$44,803
","
$45,196
"
2021-09-10,"
$876,179,332,244
","
$38,581,092,904
","
$46,519
","
$44,803
"
2021-09-09,"
$866,885,887,154
","
$48,151,104,381
","
$46,085
","
$46,519
"
2021-09-08,"
$881,943,904,969
","
$64,010,507,329
","
$46,995
","
$46,085
"
2021-09-07,"
$992,868,819,862
","
$37,532,574,717
","
$52,740
","
$46,995
"
2021-09-06,"
$971,284,117,138
","
$31,765,191,430
","
$51,696
","
$52,740
"
2021-09-05,"
$940,538,655,660
","
$36,985,805,207
","
$50,013
","
$51,696
"
2021-09-04,"
$937,295,558,515
","
$42,934,455,726
","
$49,935
","
$50,013
"
2021-09-03,"
$927,323,146,557
","
$39,362,789,535
","
$49,339
","
$49,935
"
2021-09-02,"
$918,058,330,851
","
$39,060,601,275
","
$48,823
","
$49,339
"
2021-09-01,"
$890,014,982,635
","
$34,868,965,959
","
$47,335
","
$48,823
"
2021-08-31,"
$885,729,258,053
","
$32,326,073,272
","
$47,124
","
$47,335
"
2021-08-30,"
$919,515,378,469
","
$26,244,843,558
","
$48,907
","
$47,124
"
2021-08-29,"
$920,017,911,099
","
$28,491,785,397
","
$48,937
","
$48,907
"
2021-08-28,"
$922,969,799,299
","
$34,607,868,773
","
$49,083
","
$48,937
"
2021-08-27,"
$887,832,142,450
","
$33,774,857,003
","
$47,229
","
$49,083
"
2021-08-26,"
$921,328,247,354
","
$33,517,327,124
","
$49,003
","
$47,229
"
2021-08-25,"
$902,489,541,308
","
$38,387,146,175
","
$47,941
","
$49,003
"
2021-08-24,"
$930,729,196,214
","
 $35,800,255,386
","
$49,519
","
$47,941
"
2021-08-23,"
$925,630,106,451
","
$27,110,183,703
","
$49,251
","
$49,519
"
2021-08-22,"
$920,750,216,465
","
$42,147,725,293
","
$48,934
","
$49,251
"
2021-08-21,"
$923,013,359,587
","
$36,497,089,237
","
$49,196
","
$48,934
"
2021-08-20,"
$867,650,725,473
","
$38,434,805,723
","
$46,745
","
$49,196
"
2021-08-19,"
$847,143,004,615
","
$34,668,999,388
","
$45,015
","
$46,745
"
2021-08-18,"
$836,777,066,606
","
$34,488,116,651
","
$44,534
","
$45,015
"
2021-08-17,"
$866,391,335,029
","
$34,221,605,780
","
$46,032
","
$44,534
"
2021-08-16,"
$882,888,202,378
","
$32,863,850,458
","
$47,025
","
$46,032
"
2021-08-15,"
$886,593,539,913
","
$33,294,851,811
","
$47,089
","
$47,025
"
2021-08-14,"
$895,084,141,169
","
$34,320,865,037
","
$47,717
","
$47,089
"
2021-08-13,"
$836,054,770,492
","
$35,838,614,930
","
$44,495
","
$47,717
"
2021-08-12,"
$857,660,568,377
","
$35,679,832,771
","
$45,652
","
$44,495
"
2021-08-11,"
$854,344,953,099
","
$35,669,862,362
","
$45,640
","
$45,652
"
2021-08-10,"
$861,862,844,506
","
$42,726,733,998
","
$46,311
","
$45,640
"
2021-08-09,"
$821,704,814,136
","
$39,633,218,479
","
$43,753
","
$46,311
"
2021-08-08,"
$838,457,486,988
","
$42,725,276,705
","
$44,648
","
$43,753
"
2021-08-07,"
$803,853,127,161
","
$40,840,608,017
","
$42,802
","
$44,648
"
2021-08-06,"
$768,416,417,394
","
$38,527,930,905
","
$40,825
","
$42,802
"
2021-08-05,"
$747,085,951,935
 ","
$27,751,046,040
","
$39,752
","
$40,825
"
2021-08-04,"
$720,835,141,114
","
$28,422,901,237
","
$38,368
","
$39,752
"
2021-08-03,"
$737,440,183,776
","
$28,057,528,866
","
$39,279
","
$38,368
"
2021-08-02,"
$747,403,845,432
","
$28,555,173,662
","
$39,915
","
$39,279
"
2021-08-01,"
$784,039,345,926
","
$28,437,941,447
","
$41,754
","
$39,915
"
2021-07-31,"
$786,531,956,384
","
$35,530,501,783
","
$41,936
","
$41,754
"
2021-07-30,"
$750,407,963,580
","
$28,717,414,113
","
$39,978
","
$41,936
"
2021-07-29,"
$751,371,299,911
","
$41,369,107,423
","
$40,031
","
$39,978
"
2021-07-28,"
$732,311,951,673
","
$36,401,287,454
","
$39,077
","
$40,031
"
2021-07-27,"
$701,921,012,035
","
$53,550,491,998
","
$37,282
","
$39,077
"
2021-07-26,"
$664,681,184,169
","
$20,929,083,221
","
$35,456
","
$37,282
"
2021-07-25,"
$642,012,590,041
","
$22,120,323,672
","
$34,214
","
$35,456
"
2021-07-24,"
$627,747,173,675
","
$22,937,379,735
","
$33,456
","
$34,214
"
2021-07-23,"
$607,621,607,805
","
$19,741,588,059
","
$32,409
","
$33,456
"
2021-07-22,"
$605,357,009,417
","
$29,070,652,060
","
$32,384
","
$32,409
"
2021-07-21,"
$561,743,228,117
","
$23,000,299,062
","
$29,972
","
$32,384
"
2021-07-20,"
$580,252,472,383
","
$20,095,540,828
","
$30,928
","
$29,972
"
2021-07-19,"
$597,872,278,369
","
$17,742,105,808
","
$31,919
","
N/A
"
2021-07-18,"
$592,581,931,071
","
$17,715,455,995
","
$31,589
","
$31,919
"
2021-07-17,"
$588,495,008,676
","
$22,671,859,963
","
$31,400
","
$31,589
"
2021-07-16,"
$595,342,431,374
","
$21,557,729,227
","
$31,726
","
$31,400
"
2021-07-15,"
$616,691,143,980
","
$21,779,069,066
","
$32,879
","
$31,726
"
2021-07-14,"
$613,002,045,101
","
$19,932,531,700
","
$32,676
","
$32,879
"
2021-07-13,"
$623,350,567,667
","
$21,683,885,321
","
$33,263
","
$32,676
"
2021-07-12,"
$643,335,853,171
","
$17,798,828,844
","
$34,300
","
$33,263
"
2021-07-11,"
$632,185,737,683
","
$20,558,304,484
","
$33,705
","
$34,300
"
2021-07-10,"
$637,000,370,375
","
$24,282,108,111
","
$33,971
","
$33,705
"
2021-07-09,"
$617,861,633,772
","
$29,065,577,052
","
$32,934
","
$33,971
"
2021-07-08,"
$636,246,944,189
","
$23,692,220,470
","
$33,932
","
$32,934
"
2021-07-07,"
$640,405,812,762
","
$26,106,856,612
","
$34,150
","
$33,932
"
2021-07-06,"
$636,061,920,915
","
$25,894,820,185
","
$33,928
","
$34,150
"
2021-07-05,"
$663,571,591,568
","
$22,727,930,418
","
$35,394
","
$33,928
"
2021-07-04,"
$650,382,046,625
","
$22,986,053,605
","
$34,730
","
$35,394
"
2021-07-03,"
$633,684,390,026
","
$25,084,046,353
","
$33,951
","
$34,730
"
2021-07-02,"
$629,863,895,572
","
$29,129,630,236
","
$33,678
","
$33,951
"
2021-07-01,"
$660,200,427,590
","
$31,024,153,847
","
$35,171
","
$33,678
"
2021-06-30,"
$674,231,340,724
","
$35,121,257,876
","
$35,969
","
$35,171
"
2021-06-29,"
$647,741,224,117
","
$32,453,802,891
","
$34,557
","
$35,969
"
2021-06-28,"
$649,262,127,990
","
$34,335,452,117
","
$34,607
","
$34,557
"
2021-06-27,"
$600,235,334,321
","
$36,873,109,420
","
$32,024
","
$34,607
"
2021-06-26,"
$598,703,019,611
","
$38,635,245,431
","
$31,943
","
$32,024
"
2021-06-25,"
$650,340,461,976
","
$31,862,051,544
","
$34,675
","
$31,943
"
2021-06-24,"
$631,634,847,766
","
$39,798,236,962
","
$33,703
","
$34,675
"
2021-06-23,"
$606,580,031,923
","
$57,443,014,758
","
$32,508
","
$33,703
"
2021-06-22,"
$598,335,733,136
","
$51,873,870,277
","
$31,712
","
$32,508
"
2021-06-21,"
$670,634,370,557
","
$35,609,127,164
","
$35,787
","
$31,712
"
2021-06-20,"
$666,901,325,910
","
$28,858,979,692
","
$35,582
","
$35,787
"
2021-06-19,"
$673,761,687,974
","
$35,162,612,173
","
$35,881
","
$35,582
"
2021-06-18,"
$715,652,442,155
","
$36,330,237,284
","
$38,194
","
$35,881
"
2021-06-17,"
$718,016,373,177
","
$36,563,438,890
","
$38,321
","
$38,194
"
2021-06-16,"
$756,522,207,420
","
$36,706,248,352
","
$40,378
","
$38,321
"
2021-06-15,"
$761,104,314,502
","
$45,836,408,439
","
$40,625
","
$40,378
"
2021-06-14,"
$733,402,631,079
","
$38,185,633,278
","
$39,148
","
$40,625
"
2021-06-13,"
$668,148,892,256
","
$35,710,196,743
","
$35,666
","
$39,148
"
2021-06-12,"
$698,528,023,664
","
$36,358,044,263
","
$37,289
","
$35,666
"
2021-06-11,"
$691,681,868,464
","
$42,952,476,855
","
$36,903
","
$37,289
"
2021-06-10,"
$705,292,677,171
","
$54,511,387,836
","
$37,554
","
$36,903
"
2021-06-09,"
$629,018,966,290
","
$46,727,462,986
","
$33,557
","
$37,554
"
2021-06-08,"
$626,527,049,948
","
$33,345,528,753
","
$33,451
","
$33,557
"
2021-06-07,"
$671,131,079,524
","
$27,689,283,071
","
$35,834
","
$33,451
"
2021-06-06,"
$662,913,486,273
","
$34,068,172,836
","
$35,547
","
$35,834
"
2021-06-05,"
$691,747,462,828
","
$39,345,490,149
","
$36,939
","
$35,547
"
2021-06-04,"
$733,150,718,114
","
$33,396,718,845
","
$39,151
","
$36,939
"
2021-06-03,"
$704,531,333,543
","
$31,240,691,604
","
$37,686
","
$39,151
"
2021-06-02,"
$688,726,381,047
","
$33,536,905,028
","
$36,680
","
$37,686
"
2021-06-01,"
$699,138,611,681
","
$37,950,798,680
","
$37,341
","
$36,680
"
2021-05-31,"
$668,664,301,774
","
$30,650,274,658
","
$35,715
","
$37,341
"
2021-05-30,"
$654,239,808,357
","
$43,184,025,045
","
$34,775
","
$35,715
"
2021-05-29,"
$668,521,654,365
","
$49,991,590,068
","
$35,710
","
$34,775
"
2021-05-28,"
$723,137,484,747
","
$40,836,817,156
","
$38,643
","
$35,710
"
2021-05-27,"
$737,668,726,732
","
$47,026,386,118
","
$39,407
","
$38,643
"
2021-05-26,"
$715,248,689,990
","
$48,724,794,158
","
$38,211
","
$39,407
"
2021-05-25,"
$723,143,072,420
","
$71,163,197,727
","
$38,642
","
$38,211
"
2021-05-24,"
$654,558,962,028
","
$84,358,034,876
","
$34,978
","
$38,642
"
2021-05-23,"
$702,143,968,884
","
$61,178,935,274
","
$37,520
","
$34,978
"
2021-05-22,"
$698,762,712,554
","
$88,706,010,988
","
$37,340
","
$37,520
"
2021-05-21,"
$759,679,496,751
","
$95,001,812,131
","
$40,438
","
$37,340
"
2021-05-20,"
$697,785,056,488
","
$141,151,477,375
","
$37,287
","
N/A
"
2021-05-19,"
$800,545,278,568
","
$65,037,066,859
","
$43,091
","
$37,287
"
2021-05-18,"
$819,256,623,329
","
$84,054,878,924
","
$43,781
","
$43,091
"
2021-05-17,"
$871,695,620,616
","
$70,636,455,914
","
$46,585
","
$43,781
"
2021-05-16,"
$875,321,252,276
","
$62,896,879,696
","
$46,781
","
$46,585
"
2021-05-15,"
$935,962,705,739
","
$56,820,196,965
","
$49,913
","
$46,781
"
2021-05-14,"
$934,964,766,186
","
$104,203,551,168
","
$49,973
","
$49,913
"
2021-05-13,"
$935,512,493,151
","
$75,523,928,654
","
$50,005
","
$49,973
"
2021-05-12,"
$1,064,993,057,464
","
$67,726,708,141
","
$56,929
","
$50,005
"
2021-05-11,"
$1,045,714,370,754
","
$76,672,978,748
","
$55,902
","
$56,929
"
2021-05-10,"
$1,088,903,483,393
","
$67,906,284,081
","
$58,214
","
$55,902
"
2021-05-09,"
$1,099,271,802,311
","
$66,812,167,538
","
$58,772
","
$58,214
"
2021-05-08,"
$1,072,831,991,777
","
$68,154,805,947
","
$57,362
","
$58,772
"
2021-05-07,"
$1,056,801,053,575
","
$87,510,802,711
","
$56,508
","
$57,362
"
2021-05-06,"
$1,070,969,079,354
","
$72,158,368,258
","
$57,432
","
$56,508
"
2021-05-05,"
$999,775,008,412
","
$71,296,763,919
","
$53,464
","
$57,432
"
2021-05-04,"
$1,069,571,255,196
","
$54,132,470,274
","
$57,200
","
$53,464
"
2021-05-03,"
$1,057,850,321,949
","
$39,072,664,394
","
$56,601
","
$57,200
"
2021-05-02,"
$1,080,897,634,123
","
$43,967,070,046
","
$57,813
","
$56,601
"
2021-05-01,"
$1,082,721,727,348
","
$53,879,045,974
","
$57,829
","
$57,813
"
2021-04-30,"
$1,001,973,605,935
","
$46,958,036,373
","
$53,597
","
$57,829
"
2021-04-29,"
$1,024,625,833,392
","
$48,072,930,663
","
$54,811
","
$53,597
"
2021-04-28,"
$1,027,617,870,422
","
$48,468,560,013
","
$54,992
","
$54,811
"
2021-04-27,"
$1,008,389,773,190
","
$60,226,926,860
","
$53,979
","
$54,992
"
2021-04-26,"
$915,533,819,859
","
$46,233,432,154
","
$48,981
","
$53,979
"
2021-04-25,"
$937,014,999,515
","
$49,296,256,746
","
$50,133
","
$48,981
"
2021-04-24,"
$956,744,203,682
","
$91,138,220,375
","
$51,191
","
$50,133
"
2021-04-23,"
$971,174,701,493
","
$77,897,442,832
","
$51,966
","
$51,191
"
2021-04-22,"
$1,012,699,264,346
","
$56,115,370,322
","
$54,190
","
$51,966
"
2021-04-21,"
$1,055,145,534,127
","
$68,166,802,216
","
$56,295
 ","
$54,190
"
2021-04-20,"
$1,043,148,020,633
","
$66,156,275,210
","
$55,721
","
$56,295
"
2021-04-19,"
$1,053,618,163,310
","
$102,065,957,642
","
$56,289
","
$55,721
"
2021-04-18,"
$1,125,592,412,523
","
$63,808,212,133
","
$60,274
","
$56,289
"
2021-04-17,"
$1,149,602,869,702
","
$86,260,673,270
","
$61,497
","
$60,274
"
2021-04-16,"
$1,179,561,609,817
","
$60,495,376,851
","
$63,180
","
$61,497
"
2021-04-15,"
$1,173,412,921,930
","
$80,157,135,508
","
$62,807
","
$63,180
"
2021-04-14,"
$1,187,737,045,885
","
$71,993,120,011
","
$63,577
","
$62,807
"
2021-04-13,"
$1,118,532,902,102
","
$55,994,558,889
","
$59,911
","
$63,577
"
2021-04-12,"
$1,120,606,689,450
","
$46,792,500,387
","
$59,988
","
$59,911
"
2021-04-11,"
$1,116,221,525,334
","
$61,788,197,399
","
$59,979
","
$59,988
"
2021-04-10,"
$1,085,794,662,405
","
$45,880,879,042
","
$58,153
","
$59,979
"
2021-04-09,"
$1,083,362,883,828
","
$48,714,359,354
","
$58,066
","
$58,153
"
2021-04-08,"
$1,050,759,681,845
","
$67,617,613,532
","
$56,134
","
$58,066
"
2021-04-07,"
$1,084,341,670,321
","
$61,497,704,158
","
$58,062
","
$56,134
"
2021-04-06,"
$1,096,202,611,390
","
$54,670,173,277
","
$58,707
","
$58,062
"
2021-04-05,"
$1,087,344,280,110
","
$46,156,767,978
","
$58,229
","
$58,707
"
2021-04-04,"
$1,067,101,827,373
","
$52,067,853,988
","
$57,060
","
$58,229
"
2021-04-03,"
$1,103,133,931,137
","
$52,224,918,752
","
$59,060
","
$57,060
"
2021-04-02,"
$1,098,583,823,874
","
$54,320,681,401
","
$58,801
","
$59,060
"
2021-04-01,"
$1,098,127,310,947
","
$57,495,844,478
","
$58,817
","
$58,801
"
2021-03-31,"
$1,095,293,012,033
","
$52,387,542,501
","
$58,669
","
$58,817
"
2021-03-30,"
$1,075,942,162,537
","
$57,387,039,705
","
$57,635
","
$58,669
"
2021-03-29,"
$1,039,333,584,621
","
$49,315,845,081
","
$55,728
","
$57,635
"
2021-03-28,"
$1,042,184,275,333
","
$47,285,749,219
","
$55,832
","
$55,728
"
2021-03-27,"
$1,027,209,990,795
","
$55,442,557,956
","
$55,033
","
$55,832
"
2021-03-26,"
$959,155,260,367
","
$63,401,640,503
","
$51,417
","
$55,033
"
2021-03-25,"
$982,797,427,007
","
$73,029,051,195
","
$52,527
","
$51,417
"
2021-03-24,"
$1,017,637,245,492
","
$60,383,378,707
","
$54,585
","
$52,527
 "
2021-03-23,"
$1,020,641,820,439
","
$62,001,716,795
","
$54,370
","
$54,585
"
2021-03-22,"
$1,074,356,788,297
","
$55,664,123,838
","
$57,574
","
$54,370
"
